Name,Stars,Ratings,Location,Opens at
Ditya Enterprises,4.8,38 Ratings,Rajpur Road Dehradun City,until 11:00 pm
Jeet Telecom (JioMart Digital Partner),4.4,50 Ratings,Road Dehradun Dehradun City,until 9:00 pm
Tomar Super Market,4.9,60 Ratings,TVS Showroom Prem Nagar,until 11:00 pm
KLICKIT,4.8,7 Ratings,Rajpur Road Rajpur Road,until 9:00 pm
Chawla Electronics,5.0,3 Ratings,Dehrakhas Patel Nagar,until 9:00 pm
JSR PHONE ZONE,5.0,3 Ratings,Road Sahastradhara Road,until 9:00 pm
Ridhi Electronics,3.7,80 Ratings,Thakurpur Road Prem Nagar,until 9:00 pm
A K Communication,4.5,10 Ratings,Sahastradhara Road Dehradun City,until 9:00 pm
Suresh Mobile Store,4.8,5 Ratings,Arhat Bazar Dehradun City,until 10:00 pm
Taneja Communication,4.0,239 Ratings,Rajpur Road Dehradun City,until 10:00 pm
